,aerofaciens,anaerobius,bacterium,bartlettii,bicirculans,bifidum,breve,bromii,callidus,catus,champanellensis,comes,concisus,crossotus,dentium,disporicum,edouardi,equolifaciens,eutactus,faecis,formicigenerans,hadrus,hathewayi,hominis,inulinivorans,lenta,longicatena,longum,massiliensis,micra,mortiferum,mucilaginosa,nucleatum,obeum,paraputrificum,pectinoschiza,periodonticum,prausnitzii,provencensis,ruminantium,saccharivorans,sedimentorum,stercoris,stomatis,tayi,ulcerans,ureolyticus,varium
0,7.812557486991318,-3.3806301559071414,-3.3806301559071414,-3.3806301559071414,-3.3806301559071414,-3.3806301559071414,-3.3806301559071414,8.193920678152878,-3.3806301559071414,7.946087158655912,-3.3806301559071414,8.156649640406872,-3.3806301559071414,-3.3806301559071414,-3.3806301559071414,-3.3806301559071414,7.812557486991318,-3.3806301559071414,-3.3806301559071414,6.782962851304761,-3.3806301559071414,7.898078531931501,-3.3806301559071414,-3.3806301559071414,8.117935513465518,-3.3806301559071414,6.495293628275078,-3.3806301559071414,7.476090757421979,5.396784129040305,-3.3806301559071414,-3.3806301559071414,-3.3806301559071414,6.185157389745011,-3.3806301559071414,6.878269526692586,-3.3806301559071414,8.669999791972206,-3.3806301559071414,-3.3806301559071414,-3.3806301559071414,-3.3806301559071414,7.7384505738883895,-3.3806301559071414,-3.3806301559071414,-3.3806301559071414,-3.3806301559071414,-3.3806301559071414
1,-1.4887749048345658,-1.4887749048345658,-1.4887749048345658,-1.4887749048345658,-1.4887749048345658,-1.4887749048345658,-1.4887749048345658,-1.4887749048345658,-1.4887749048345658,11.05670465909495,-1.4887749048345658,10.47862959515646,-1.4887749048345658,-1.4887749048345658,-1.4887749048345658,-1.4887749048345658,-1.4887749048345658,-1.4887749048345658,-1.4887749048345658,-1.4887749048345658,-1.4887749048345658,-1.4887749048345658,-1.4887749048345658,-1.4887749048345658,-1.4887749048345658,-1.4887749048345658,-1.4887749048345658,-1.4887749048345658,-1.4887749048345658,-1.4887749048345658,-1.4887749048345658,10.434178121121302,10.456650829499582,9.35805151844083,-1.4887749048345658,-1.4887749048345658,-1.4887749048345658,10.74433127973835,-1.4887749048345658,-1.4887749048345658,-1.4887749048345658,-1.4887749048345658,-1.4887749048345658,-1.4887749048345658,-1.4887749048345658,-1.4887749048345658,-1.4887749048345658,-1.4887749048345658
2,9.048294104011228,-2.1429333346975543,-2.1429333346975543,-2.1429333346975543,-2.1429333346975543,-2.1429333346975543,-2.1429333346975543,-2.1429333346975543,-2.1429333346975543,9.839072215152829,-2.1429333346975543,-2.1429333346975543,-2.1429333346975543,-2.1429333346975543,-2.1429333346975543,-2.1429333346975543,-2.1429333346975543,-2.1429333346975543,-2.1429333346975543,8.68057545483667,9.255930882283346,-2.1429333346975543,-2.1429333346975543,-2.1429333346975543,9.07361156712842,-2.1429333346975543,8.881242527468824,-2.1429333346975543,-2.1429333346975543,-2.1429333346975543,-2.1429333346975543,-2.1429333346975543,8.562794909868298,-2.1429333346975543,-2.1429333346975543,-2.1429333346975543,-2.1429333346975543,10.46612636969872,-2.1429333346975543,-2.1429333346975543,-2.1429333346975543,-2.1429333346975543,-2.1429333346975543,9.766752022756204,-2.1429333346975543,-2.1429333346975543,-2.1429333346975543,-2.1429333346975543
4,-1.6875662573029189,-1.6875662573029189,-1.6875662573029189,-1.6875662573029189,-1.6875662573029189,-1.6875662573029189,-1.6875662573029189,-1.6875662573029189,-1.6875662573029189,-1.6875662573029189,-1.6875662573029189,9.149038811897025,-1.6875662573029189,-1.6875662573029189,-1.6875662573029189,-1.6875662573029189,-1.6875662573029189,-1.6875662573029189,-1.6875662573029189,9.67965896504645,9.436715967766746,-1.6875662573029189,-1.6875662573029189,-1.6875662573029189,9.981936819046929,-1.6875662573029189,9.043680481379022,-1.6875662573029189,-1.6875662573029189,-1.6875662573029189,-1.6875662573029189,-1.6875662573029189,10.71763916055142,-1.6875662573029189,-1.6875662573029189,-1.6875662573029189,-1.6875662573029189,11.181546343731725,-1.6875662573029189,-1.6875662573029189,-1.6875662573029189,-1.6875662573029189,-1.6875662573029189,-1.6875662573029189,-1.6875662573029189,-1.6875662573029189,-1.6875662573029189,-1.6875662573029189
5,-1.4811417226090615,-1.4811417226090615,-1.4811417226090615,-1.4811417226090615,-1.4811417226090615,-1.4811417226090615,-1.4811417226090615,9.80161875254564,-1.4811417226090615,10.059445000917094,-1.4811417226090615,-1.4811417226090615,-1.4811417226090615,-1.4811417226090615,-1.4811417226090615,-1.4811417226090615,-1.4811417226090615,-1.4811417226090615,-1.4811417226090615,-1.4811417226090615,9.676457288000469,-1.4811417226090615,-1.4811417226090615,-1.4811417226090615,10.464906866627299,-1.4811417226090615,10.919640654290935,-1.4811417226090615,-1.4811417226090615,-1.4811417226090615,-1.4811417226090615,-1.4811417226090615,-1.4811417226090615,-1.4811417226090615,-1.4811417226090615,-1.4811417226090615,-1.4811417226090615,11.285883787198934,-1.4811417226090615,-1.4811417226090615,-1.4811417226090615,-1.4811417226090615,-1.4811417226090615,-1.4811417226090615,-1.4811417226090615,-1.4811417226090615,-1.4811417226090615,-1.4811417226090615
6,-1.2398841318887577,9.474555858839011,-1.2398841318887577,-1.2398841318887577,-1.2398841318887577,-1.2398841318887577,-1.2398841318887577,-1.2398841318887577,-1.2398841318887577,-1.2398841318887577,-1.2398841318887577,-1.2398841318887577,-1.2398841318887577,-1.2398841318887577,-1.2398841318887577,-1.2398841318887577,-1.2398841318887577,-1.2398841318887577,-1.2398841318887577,-1.2398841318887577,9.842273801486058,-1.2398841318887577,-1.2398841318887577,-1.2398841318887577,11.302664321684823,-1.2398841318887577,-1.2398841318887577,11.061503238889955,-1.2398841318887577,-1.2398841318887577,-1.2398841318887577,-1.2398841318887577,-1.2398841318887577,-1.2398841318887577,-1.2398841318887577,-1.2398841318887577,-1.2398841318887577,11.634020450316347,-1.2398841318887577,-1.2398841318887577,-1.2398841318887577,-1.2398841318887577,-1.2398841318887577,-1.2398841318887577,-1.2398841318887577,-1.2398841318887577,-1.2398841318887577,-1.2398841318887577
7,-1.6989879198593059,-1.6989879198593059,-1.6989879198593059,-1.6989879198593059,-1.6989879198593059,-1.6989879198593059,-1.6989879198593059,-1.6989879198593059,-1.6989879198593059,10.432601260332287,-1.6989879198593059,10.289501245404754,-1.6989879198593059,-1.6989879198593059,-1.6989879198593059,-1.6989879198593059,-1.6989879198593059,-1.6989879198593059,-1.6989879198593059,-1.6989879198593059,-1.6989879198593059,-1.6989879198593059,-1.6989879198593059,-1.6989879198593059,8.887721732064822,-1.6989879198593059,9.373219836506117,-1.6989879198593059,9.250619541136093,-1.6989879198593059,-1.6989879198593059,-1.6989879198593059,-1.6989879198593059,10.78794037029953,-1.6989879198593059,-1.6989879198593059,-1.6989879198593059,10.636900728487564,-1.6989879198593059,-1.6989879198593059,-1.6989879198593059,-1.6989879198593059,-1.6989879198593059,-1.6989879198593059,-1.6989879198593059,-1.6989879198593059,-1.6989879198593059,-1.6989879198593059
9,-1.4704917757715776,-1.4704917757715776,-1.4704917757715776,-1.4704917757715776,-1.4704917757715776,-1.4704917757715776,-1.4704917757715776,-1.4704917757715776,-1.4704917757715776,-1.4704917757715776,-1.4704917757715776,-1.4704917757715776,-1.4704917757715776,-1.4704917757715776,-1.4704917757715776,-1.4704917757715776,-1.4704917757715776,-1.4704917757715776,-1.4704917757715776,9.93583507907851,-1.4704917757715776,-1.4704917757715776,-1.4704917757715776,-1.4704917757715776,-1.4704917757715776,-1.4704917757715776,10.191765941143728,-1.4704917757715776,-1.4704917757715776,11.02045376139007,-1.4704917757715776,-1.4704917757715776,9.59099917360768,-1.4704917757715776,-1.4704917757715776,-1.4704917757715776,-1.4704917757715776,11.430601453578342,-1.4704917757715776,-1.4704917757715776,9.59099917360768,-1.4704917757715776,-1.4704917757715776,-1.4704917757715776,-1.4704917757715776,-1.4704917757715776,-1.4704917757715776,-1.4704917757715776
18,9.77760180851706,-1.9133151811787172,-1.9133151811787172,-1.9133151811787172,8.588036871734912,-1.9133151811787172,-1.9133151811787172,-1.9133151811787172,10.470744804320665,-1.9133151811787172,-1.9133151811787172,-1.9133151811787172,-1.9133151811787172,-1.9133151811787172,-1.9133151811787172,-1.9133151811787172,-1.9133151811787172,-1.9133151811787172,8.513931014905397,10.426293231966408,-1.9133151811787172,-1.9133151811787172,-1.9133151811787172,-1.9133151811787172,-1.9133151811787172,-1.9133151811787172,-1.9133151811787172,-1.9133151811787172,-1.9133151811787172,-1.9133151811787172,8.782188033356372,-1.9133151811787172,10.153650408140885,-1.9133151811787172,-1.9133151811787172,-1.9133151811787172,-1.9133151811787172,9.82016107420683,-1.9133151811787172,-1.9133151811787172,-1.9133151811787172,-1.9133151811787172,-1.9133151811787172,-1.9133151811787172,-1.9133151811787172,-1.9133151811787172,-1.9133151811787172,-1.9133151811787172
19,-1.906720327003967,-1.906720327003967,-1.906720327003967,-1.906720327003967,-1.906720327003967,-1.906720327003967,-1.906720327003967,10.829333317592052,-1.906720327003967,8.502082835134198,-1.906720327003967,8.961604050751056,-1.906720327003967,-1.906720327003967,-1.906720327003967,-1.906720327003967,-1.906720327003967,-1.906720327003967,-1.906720327003967,9.061685694804623,-1.906720327003967,-1.906720327003967,-1.906720327003967,-1.906720327003967,9.968396699230194,-1.906720327003967,8.725220353278875,-1.906720327003967,-1.906720327003967,-1.906720327003967,-1.906720327003967,-1.906720327003967,-1.906720327003967,10.060203637826111,-1.906720327003967,-1.906720327003967,-1.906720327003967,10.160286491541306,-1.906720327003967,-1.906720327003967,-1.906720327003967,-1.906720327003967,-1.906720327003967,-1.906720327003967,-1.906720327003967,-1.906720327003967,-1.906720327003967,-1.906720327003967
20,,,,,,,,,,,,,,,,,,,,,,,,,,,,,,,,,,,,,,,,,,,,,,,,
21,-2.570117331986424,-2.570117331986424,8.547829168382767,-2.570117331986424,-2.570117331986424,-2.570117331986424,-2.570117331986424,-2.570117331986424,-2.570117331986424,8.077834445215172,-2.570117331986424,8.51608094889161,-2.570117331986424,-2.570117331986424,-2.570117331986424,-2.570117331986424,8.693009172342867,-2.570117331986424,-2.570117331986424,9.754911695647598,7.915319706785548,7.972476568380081,-2.570117331986424,-2.570117331986424,8.578600377245492,-2.570117331986424,-2.570117331986424,-2.570117331986424,-2.570117331986424,-2.570117331986424,-2.570117331986424,9.071071264765092,-2.570117331986424,-2.570117331986424,-2.570117331986424,-2.570117331986424,-2.570117331986424,9.707055892079381,-2.570117331986424,-2.570117331986424,8.260152043761968,-2.570117331986424,-2.570117331986424,-2.570117331986424,-2.570117331986424,-2.570117331986424,-2.570117331986424,-2.570117331986424
22,9.445289855645079,-1.6999252735399555,-1.6999252735399555,-1.6999252735399555,-1.6999252735399555,-1.6999252735399555,-1.6999252735399555,-1.6999252735399555,-1.6999252735399555,-1.6999252735399555,-1.6999252735399555,9.64595792487909,-1.6999252735399555,-1.6999252735399555,-1.6999252735399555,-1.6999252735399555,-1.6999252735399555,-1.6999252735399555,-1.6999252735399555,-1.6999252735399555,9.327508625516542,10.973747393730601,-1.6999252735399555,-1.6999252735399555,9.262971187694113,-1.6999252735399555,10.426110080968678,-1.6999252735399555,-1.6999252735399555,-1.6999252735399555,-1.6999252735399555,-1.6999252735399555,-1.6999252735399555,-1.6999252735399555,-1.6999252735399555,-1.6999252735399555,-1.6999252735399555,10.615351146703784,-1.6999252735399555,-1.6999252735399555,-1.6999252735399555,-1.6999252735399555,-1.6999252735399555,-1.6999252735399555,-1.6999252735399555,-1.6999252735399555,-1.6999252735399555,-1.6999252735399555
23,-1.6997240085151812,-1.6997240085151812,-1.6997240085151812,10.09926634534673,-1.6997240085151812,-1.6997240085151812,-1.6997240085151812,-1.6997240085151812,-1.6997240085151812,-1.6997240085151812,-1.6997240085151812,-1.6997240085151812,-1.6997240085151812,-1.6997240085151812,-1.6997240085151812,-1.6997240085151812,-1.6997240085151812,-1.6997240085151812,-1.6997240085151812,-1.6997240085151812,9.476743219735834,9.21891822801467,-1.6997240085151812,-1.6997240085151812,10.049256310009877,10.16988340036928,-1.6997240085151812,-1.6997240085151812,-1.6997240085151812,-1.6997240085151812,-1.6997240085151812,-1.6997240085151812,-1.6997240085151812,-1.6997240085151812,-1.6997240085151812,11.19787362590984,-1.6997240085151812,-1.6997240085151812,-1.6997240085151812,-1.6997240085151812,9.476743219735834,-1.6997240085151812,-1.6997240085151812,-1.6997240085151812,-1.6997240085151812,-1.6997240085151812,-1.6997240085151812,-1.6997240085151812
24,-2.119590497249485,-2.119590497249485,-2.119590497249485,-2.119590497249485,-2.119590497249485,-2.119590497249485,-2.119590497249485,-2.119590497249485,-2.119590497249485,8.347214714849873,-2.119590497249485,-2.119590497249485,-2.119590497249485,-2.119590497249485,-2.119590497249485,-2.119590497249485,-2.119590497249485,-2.119590497249485,-2.119590497249485,-2.119590497249485,9.328026176543123,8.897249008449712,8.774648828460373,-2.119590497249485,-2.119590497249485,-2.119590497249485,9.798025802698579,-2.119590497249485,9.551167592877846,-2.119590497249485,-2.119590497249485,-2.119590497249485,-2.119590497249485,9.00644660150217,-2.119590497249485,8.204118250562125,-2.119590497249485,10.757132416785877,-2.119590497249485,-2.119590497249485,-2.119590497249485,-2.119590497249485,-2.119590497249485,-2.119590497249485,-2.119590497249485,-2.119590497249485,-2.119590497249485,-2.119590497249485
25,8.171738464314362,-2.2608247160007284,-2.2608247160007284,-2.2608247160007284,-2.2608247160007284,-2.2608247160007284,-2.2608247160007284,-2.2608247160007284,-2.2608247160007284,-2.2608247160007284,-2.2608247160007284,-2.2608247160007284,-2.2608247160007284,-2.2608247160007284,7.701752509391776,-2.2608247160007284,-2.2608247160007284,-2.2608247160007284,-2.2608247160007284,-2.2608247160007284,-2.2608247160007284,-2.2608247160007284,8.577193753219131,8.800333376824986,7.296310966561891,-2.2608247160007284,9.168053322826534,-2.2608247160007284,-2.2608247160007284,-2.2608247160007284,-2.2608247160007284,-2.2608247160007284,-2.2608247160007284,-2.2608247160007284,-2.2608247160007284,8.394876124118106,-2.2608247160007284,8.731341627541996,-2.2608247160007284,-2.2608247160007284,-2.2608247160007284,-2.2608247160007284,-2.2608247160007284,8.038211279890353,-2.2608247160007284,-2.2608247160007284,-2.2608247160007284,11.031527783338522
26,-1.03495982958737,-1.03495982958737,-1.03495982958737,11.211939610451537,-1.03495982958737,-1.03495982958737,-1.03495982958737,-1.03495982958737,-1.03495982958737,-1.03495982958737,-1.03495982958737,-1.03495982958737,-1.03495982958737,-1.03495982958737,-1.03495982958737,-1.03495982958737,-1.03495982958737,-1.03495982958737,-1.03495982958737,-1.03495982958737,11.394260367249013,-1.03495982958737,-1.03495982958737,-1.03495982958737,-1.03495982958737,-1.03495982958737,11.59493033544108,-1.03495982958737,-1.03495982958737,-1.03495982958737,-1.03495982958737,-1.03495982958737,-1.03495982958737,-1.03495982958737,11.337102188702213,-1.03495982958737,-1.03495982958737,-1.03495982958737,-1.03495982958737,-1.03495982958737,-1.03495982958737,-1.03495982958737,-1.03495982958737,-1.03495982958737,-1.03495982958737,-1.03495982958737,-1.03495982958737,-1.03495982958737
27,-1.4876974450683864,-1.4876974450683864,-1.4876974450683864,9.666070517090542,-1.4876974450683864,10.95882843023841,9.997423613717388,-1.4876974450683864,-1.4876974450683864,-1.4876974450683864,-1.4876974450683864,-1.4876974450683864,-1.4876974450683864,-1.4876974450683864,-1.4876974450683864,-1.4876974450683864,-1.4876974450683864,-1.4876974450683864,-1.4876974450683864,-1.4876974450683864,10.118050433102415,-1.4876974450683864,-1.4876974450683864,-1.4876974450683864,-1.4876974450683864,-1.4876974450683864,-1.4876974450683864,-1.4876974450683864,-1.4876974450683864,-1.4876974450683864,-1.4876974450683864,-1.4876974450683864,-1.4876974450683864,-1.4876974450683864,-1.4876974450683864,-1.4876974450683864,-1.4876974450683864,-1.4876974450683864,-1.4876974450683864,-1.4876974450683864,-1.4876974450683864,-1.4876974450683864,-1.4876974450683864,10.764673258230761,-1.4876974450683864,10.978246440492487,-1.4876974450683864,-1.4876974450683864
28,-1.7109235597318957,-1.7109235597318957,-1.7109235597318957,9.622570013717649,-1.7109235597318957,-1.7109235597318957,-1.7109235597318957,-1.7109235597318957,-1.7109235597318957,-1.7109235597318957,-1.7109235597318957,8.740197784322106,-1.7109235597318957,-1.7109235597318957,-1.7109235597318957,-1.7109235597318957,-1.7109235597318957,-1.7109235597318957,-1.7109235597318957,-1.7109235597318957,-1.7109235597318957,10.206512609921605,-1.7109235597318957,-1.7109235597318957,10.280620105430042,-1.7109235597318957,-1.7109235597318957,-1.7109235597318957,-1.7109235597318957,-1.7109235597318957,-1.7109235597318957,-1.7109235597318957,-1.7109235597318957,-1.7109235597318957,-1.7109235597318957,10.54572641284727,-1.7109235597318957,10.206512609921605,-1.7109235597318957,-1.7109235597318957,-1.7109235597318957,-1.7109235597318957,10.54572641284727,-1.7109235597318957,-1.7109235597318957,-1.7109235597318957,-1.7109235597318957,-1.7109235597318957
38,9.400037927067865,-2.588038784577904,-2.588038784577904,-2.588038784577904,-2.588038784577904,-2.588038784577904,-2.588038784577904,-2.588038784577904,-2.588038784577904,8.849996149938903,-2.588038784577904,8.44453643064703,-2.588038784577904,-2.588038784577904,-2.588038784577904,-2.588038784577904,-2.588038784577904,-2.588038784577904,-2.588038784577904,-2.588038784577904,8.654253903115308,8.44453643064703,-2.588038784577904,-2.588038784577904,-2.588038784577904,-2.588038784577904,7.7514054163617185,-2.588038784577904,-2.588038784577904,-2.588038784577904,-2.588038784577904,8.301438074142542,-2.588038784577904,8.680921805251717,-2.588038784577904,-2.588038784577904,8.56969767166919,9.628295310086804,-2.588038784577904,-2.588038784577904,9.032315910454308,-2.588038784577904,-2.588038784577904,-2.588038784577904,-2.588038784577904,-2.588038784577904,-2.588038784577904,-2.588038784577904
39,-2.3092886913388444,-2.3092886913388444,-2.3092886913388444,8.246480527578266,-2.3092886913388444,-2.3092886913388444,-2.3092886913388444,-2.3092886913388444,-2.3092886913388444,-2.3092886913388444,-2.3092886913388444,-2.3092886913388444,-2.3092886913388444,-2.3092886913388444,-2.3092886913388444,8.694495845716554,-2.3092886913388444,-2.3092886913388444,-2.3092886913388444,-2.3092886913388444,8.106722491615479,-2.3092886913388444,-2.3092886913388444,7.50890999437121,10.709384446024412,-2.3092886913388444,8.443186171313503,-2.3092886913388444,-2.3092886913388444,-2.3092886913388444,-2.3092886913388444,-2.3092886913388444,-2.3092886913388444,9.154022045061243,-2.3092886913388444,8.512177616639471,-2.3092886913388444,9.505416818216803,-2.3092886913388444,-2.3092886913388444,-2.3092886913388444,8.872174314339077,-2.3092886913388444,-2.3092886913388444,-2.3092886913388444,-2.3092886913388444,-2.3092886913388444,-2.3092886913388444
40,-0.2878231574575896,-0.2878231574575896,-0.2878231574575896,-0.2878231574575896,-0.2878231574575896,-0.2878231574575896,-0.2878231574575896,-0.2878231574575896,-0.2878231574575896,-0.2878231574575896,-0.2878231574575896,-0.2878231574575896,-0.2878231574575896,-0.2878231574575896,-0.2878231574575896,-0.2878231574575896,-0.2878231574575896,-0.2878231574575896,-0.2878231574575896,-0.2878231574575896,-0.2878231574575896,-0.2878231574575896,-0.2878231574575896,-0.2878231574575896,-0.2878231574575896,-0.2878231574575896,13.527688400506184,-0.2878231574575896,-0.2878231574575896,-0.2878231574575896,-0.2878231574575896,-0.2878231574575896,-0.2878231574575896,-0.2878231574575896,-0.2878231574575896,-0.2878231574575896,-0.2878231574575896,-0.2878231574575896,-0.2878231574575896,-0.2878231574575896,-0.2878231574575896,-0.2878231574575896,-0.2878231574575896,-0.2878231574575896,-0.2878231574575896,-0.2878231574575896,-0.2878231574575896,-0.2878231574575896
41,-0.7944432640360422,-0.7944432640360422,-0.7944432640360422,-0.7944432640360422,-0.7944432640360422,-0.7944432640360422,-0.7944432640360422,-0.7944432640360422,-0.7944432640360422,-0.7944432640360422,-0.7944432640360422,-0.7944432640360422,-0.7944432640360422,-0.7944432640360422,-0.7944432640360422,-0.7944432640360422,-0.7944432640360422,-0.7944432640360422,-0.7944432640360422,-0.7944432640360422,-0.7944432640360422,-0.7944432640360422,11.77832456878661,-0.7944432640360422,12.042475339428668,-0.7944432640360422,-0.7944432640360422,-0.7944432640360422,-0.7944432640360422,-0.7944432640360422,-0.7944432640360422,-0.7944432640360422,-0.7944432640360422,-0.7944432640360422,-0.7944432640360422,-0.7944432640360422,-0.7944432640360422,-0.7944432640360422,-0.7944432640360422,-0.7944432640360422,-0.7944432640360422,-0.7944432640360422,-0.7944432640360422,11.929146973406478,-0.7944432640360422,-0.7944432640360422,-0.7944432640360422,-0.7944432640360422
42,-0.7890387226009405,-0.7890387226009405,-0.7890387226009405,-0.7890387226009405,-0.7890387226009405,-0.7890387226009405,-0.7890387226009405,-0.7890387226009405,-0.7890387226009405,-0.7890387226009405,-0.7890387226009405,-0.7890387226009405,-0.7890387226009405,-0.7890387226009405,-0.7890387226009405,-0.7890387226009405,-0.7890387226009405,11.321729243109782,-0.7890387226009405,-0.7890387226009405,-0.7890387226009405,-0.7890387226009405,-0.7890387226009405,-0.7890387226009405,-0.7890387226009405,-0.7890387226009405,12.37777833041587,-0.7890387226009405,-0.7890387226009405,-0.7890387226009405,-0.7890387226009405,-0.7890387226009405,-0.7890387226009405,-0.7890387226009405,-0.7890387226009405,-0.7890387226009405,-0.7890387226009405,11.807234943516265,-0.7890387226009405,-0.7890387226009405,-0.7890387226009405,-0.7890387226009405,-0.7890387226009405,-0.7890387226009405,-0.7890387226009405,-0.7890387226009405,-0.7890387226009405,-0.7890387226009405
43,-1.2581241938461432,-1.2581241938461432,-1.2581241938461432,-1.2581241938461432,-1.2581241938461432,-1.2581241938461432,-1.2581241938461432,-1.2581241938461432,-1.2581241938461432,9.956082843876326,-1.2581241938461432,11.04226368114492,-1.2581241938461432,-1.2581241938461432,-1.2581241938461432,-1.2581241938461432,-1.2581241938461432,-1.2581241938461432,-1.2581241938461432,11.3423670939703,-1.2581241938461432,-1.2581241938461432,-1.2581241938461432,-1.2581241938461432,-1.2581241938461432,-1.2581241938461432,10.444430403092705,-1.2581241938461432,-1.2581241938461432,-1.2581241938461432,-1.2581241938461432,-1.2581241938461432,-1.2581241938461432,-1.2581241938461432,-1.2581241938461432,-1.2581241938461432,-1.2581241938461432,11.31419631329957,-1.2581241938461432,-1.2581241938461432,-1.2581241938461432,-1.2581241938461432,-1.2581241938461432,-1.2581241938461432,-1.2581241938461432,-1.2581241938461432,-1.2581241938461432,-1.2581241938461432
44,-1.2189069338296292,-1.2189069338296292,-1.2189069338296292,-1.2189069338296292,-1.2189069338296292,-1.2189069338296292,-1.2189069338296292,-1.2189069338296292,-1.2189069338296292,-1.2189069338296292,-1.2189069338296292,-1.2189069338296292,-1.2189069338296292,-1.2189069338296292,-1.2189069338296292,-1.2189069338296292,-1.2189069338296292,-1.2189069338296292,-1.2189069338296292,-1.2189069338296292,-1.2189069338296292,-1.2189069338296292,-1.2189069338296292,-1.2189069338296292,-1.2189069338296292,-1.2189069338296292,-1.2189069338296292,-1.2189069338296292,-1.2189069338296292,11.32552563981512,-1.2189069338296292,-1.2189069338296292,9.280793636498823,-1.2189069338296292,-1.2189069338296292,-1.2189069338296292,-1.2189069338296292,10.10175876342003,-1.2189069338296292,-1.2189069338296292,-1.2189069338296292,-1.2189069338296292,-1.2189069338296292,9.716101986052067,-1.2189069338296292,-1.2189069338296292,11.988818128887806,-1.2189069338296292
45,-1.7158527875783331,9.745123471739042,-1.7158527875783331,-1.7158527875783331,-1.7158527875783331,-1.7158527875783331,-1.7158527875783331,-1.7158527875783331,-1.7158527875783331,-1.7158527875783331,-1.7158527875783331,-1.7158527875783331,-1.7158527875783331,-1.7158527875783331,-1.7158527875783331,-1.7158527875783331,-1.7158527875783331,-1.7158527875783331,-1.7158527875783331,-1.7158527875783331,9.777912954780607,-1.7158527875783331,10.968891468117716,-1.7158527875783331,10.150585068766915,-1.7158527875783331,-1.7158527875783331,9.602024248592807,-1.7158527875783331,-1.7158527875783331,-1.7158527875783331,-1.7158527875783331,-1.7158527875783331,-1.7158527875783331,9.954842009947324,-1.7158527875783331,-1.7158527875783331,10.150585068766915,-1.7158527875783331,-1.7158527875783331,-1.7158527875783331,-1.7158527875783331,-1.7158527875783331,-1.7158527875783331,-1.7158527875783331,-1.7158527875783331,-1.7158527875783331,-1.7158527875783331
46,-1.9315801384463729,-1.9315801384463729,-1.9315801384463729,-1.9315801384463729,-1.9315801384463729,-1.9315801384463729,-1.9315801384463729,10.422916822537612,-1.9315801384463729,-1.9315801384463729,9.869034898947511,-1.9315801384463729,-1.9315801384463729,-1.9315801384463729,-1.9315801384463729,-1.9315801384463729,-1.9315801384463729,-1.9315801384463729,-1.9315801384463729,-1.9315801384463729,9.92730338254628,-1.9315801384463729,-1.9315801384463729,-1.9315801384463729,-1.9315801384463729,-1.9315801384463729,8.847396984559976,-1.9315801384463729,-1.9315801384463729,-1.9315801384463729,-1.9315801384463729,8.847396984559976,-1.9315801384463729,-1.9315801384463729,-1.9315801384463729,-1.9315801384463729,-1.9315801384463729,10.247468971668988,-1.9315801384463729,-1.9315801384463729,-1.9315801384463729,9.848832344690056,-1.9315801384463729,-1.9315801384463729,9.252855148344258,-1.9315801384463729,-1.9315801384463729,-1.9315801384463729
47,9.116562405863942,-2.586414931190731,-2.586414931190731,-2.586414931190731,-2.586414931190731,-2.586414931190731,-2.586414931190731,-2.586414931190731,-2.586414931190731,-2.586414931190731,-2.586414931190731,7.804398461515233,-2.586414931190731,-2.586414931190731,-2.586414931190731,-2.586414931190731,-2.586414931190731,-2.586414931190731,-2.586414931190731,-2.586414931190731,8.343382164940046,8.384203442806218,-2.586414931190731,-2.586414931190731,8.423423494432196,-2.586414931190731,8.631059758295379,-2.586414931190731,-2.586414931190731,8.599311493442622,-2.586414931190731,-2.586414931190731,9.496049416250997,-2.586414931190731,-2.586414931190731,-2.586414931190731,-2.586414931190731,9.607966733386984,-2.586414931190731,8.599311493442622,-2.586414931190731,-2.586414931190731,-2.586414931190731,8.691683589680945,-2.586414931190731,-2.586414931190731,-2.586414931190731,-2.586414931190731
48,9.716348922832847,-2.15585924956998,-2.15585924956998,-2.15585924956998,-2.15585924956998,-2.15585924956998,-2.15585924956998,-2.15585924956998,-2.15585924956998,8.599401846808512,-2.15585924956998,-2.15585924956998,-2.15585924956998,-2.15585924956998,-2.15585924956998,-2.15585924956998,9.883401933377062,-2.15585924956998,-2.15585924956998,-2.15585924956998,-2.15585924956998,-2.15585924956998,-2.15585924956998,9.660259858976112,8.887078586026513,-2.15585924956998,9.174756658534294,-2.15585924956998,-2.15585924956998,-2.15585924956998,-2.15585924956998,-2.15585924956998,8.542244687842967,-2.15585924956998,-2.15585924956998,-2.15585924956998,-2.15585924956998,9.898669315997886,-2.15585924956998,-2.15585924956998,-2.15585924956998,-2.15585924956998,-2.15585924956998,9.716348922832847,-2.15585924956998,-2.15585924956998,-2.15585924956998,-2.15585924956998
49,8.484725278954155,-2.3511096859904423,-2.3511096859904423,-2.3511096859904423,9.737474189185837,-2.3511096859904423,-2.3511096859904423,9.893477625401145,-2.3511096859904423,-2.3511096859904423,-2.3511096859904423,-2.3511096859904423,-2.3511096859904423,8.689516046884115,-2.3511096859904423,-2.3511096859904423,-2.3511096859904423,-2.3511096859904423,-2.3511096859904423,8.438206200529814,9.904527408718629,-2.3511096859904423,-2.3511096859904423,-2.3511096859904423,-2.3511096859904423,-2.3511096859904423,8.389417067290974,8.725883118312689,7.8786058764416875,-2.3511096859904423,-2.3511096859904423,-2.3511096859904423,-2.3511096859904423,-2.3511096859904423,-2.3511096859904423,-2.3511096859904423,-2.3511096859904423,9.20033525591759,-2.3511096859904423,-2.3511096859904423,-2.3511096859904423,-2.3511096859904423,-2.3511096859904423,-2.3511096859904423,-2.3511096859904423,-2.3511096859904423,-2.3511096859904423,-2.3511096859904423
50,-1.923943866796714,-1.923943866796714,-1.923943866796714,-1.923943866796714,-1.923943866796714,-1.923943866796714,-1.923943866796714,-1.923943866796714,-1.923943866796714,9.078172640935303,-1.923943866796714,-1.923943866796714,-1.923943866796714,-1.923943866796714,-1.923943866796714,-1.923943866796714,9.149630455510657,-1.923943866796714,-1.923943866796714,10.126130374395645,-1.923943866796714,-1.923943866796714,-1.923943866796714,-1.923943866796714,-1.923943866796714,-1.923943866796714,8.672715865986865,-1.923943866796714,-1.923943866796714,-1.923943866796714,-1.923943866796714,10.099813221921504,9.248069073604045,9.95671330135179,-1.923943866796714,-1.923943866796714,-1.923943866796714,10.626509738162595,-1.923943866796714,-1.923943866796714,-1.923943866796714,-1.923943866796714,-1.923943866796714,-1.923943866796714,-1.923943866796714,-1.923943866796714,-1.923943866796714,-1.923943866796714
51,-1.4820107910140283,-1.4820107910140283,-1.4820107910140283,-1.4820107910140283,10.336303691901287,-1.4820107910140283,9.00132325638305,-1.4820107910140283,-1.4820107910140283,-1.4820107910140283,-1.4820107910140283,-1.4820107910140283,-1.4820107910140283,-1.4820107910140283,-1.4820107910140283,-1.4820107910140283,-1.4820107910140283,-1.4820107910140283,-1.4820107910140283,-1.4820107910140283,10.918221986595684,-1.4820107910140283,-1.4820107910140283,-1.4820107910140283,10.947209405822354,-1.4820107910140283,10.282236879984637,10.75915800190197,-1.4820107910140283,-1.4820107910140283,-1.4820107910140283,-1.4820107910140283,-1.4820107910140283,-1.4820107910140283,-1.4820107910140283,-1.4820107910140283,-1.4820107910140283,-1.4820107910140283,-1.4820107910140283,-1.4820107910140283,-1.4820107910140283,-1.4820107910140283,-1.4820107910140283,-1.4820107910140283,-1.4820107910140283,-1.4820107910140283,-1.4820107910140283,-1.4820107910140283
52,,,,,,,,,,,,,,,,,,,,,,,,,,,,,,,,,,,,,,,,,,,,,,,,
53,-1.0291197639970786,-1.0291197639970786,-1.0291197639970786,11.137737368366293,11.086444347661493,-1.0291197639970786,-1.0291197639970786,-1.0291197639970786,-1.0291197639970786,-1.0291197639970786,-1.0291197639970786,-1.0291197639970786,-1.0291197639970786,-1.0291197639970786,-1.0291197639970786,-1.0291197639970786,-1.0291197639970786,-1.0291197639970786,-1.0291197639970786,-1.0291197639970786,-1.0291197639970786,-1.0291197639970786,-1.0291197639970786,-1.0291197639970786,11.970643552181926,-1.0291197639970786,11.086444347661493,-1.0291197639970786,-1.0291197639970786,-1.0291197639970786,-1.0291197639970786,-1.0291197639970786,-1.0291197639970786,-1.0291197639970786,-1.0291197639970786,-1.0291197639970786,-1.0291197639970786,-1.0291197639970786,-1.0291197639970786,-1.0291197639970786,-1.0291197639970786,-1.0291197639970786,-1.0291197639970786,-1.0291197639970786,-1.0291197639970786,-1.0291197639970786,-1.0291197639970786,-1.0291197639970786
54,,,,,,,,,,,,,,,,,,,,,,,,,,,,,,,,,,,,,,,,,,,,,,,,
55,9.184404252930307,-1.9076355290192257,-1.9076355290192257,-1.9076355290192257,-1.9076355290192257,-1.9076355290192257,-1.9076355290192257,10.189916458470298,-1.9076355290192257,-1.9076355290192257,-1.9076355290192257,-1.9076355290192257,-1.9076355290192257,8.422281609990478,-1.9076355290192257,-1.9076355290192257,-1.9076355290192257,-1.9076355290192257,-1.9076355290192257,8.874254863920681,-1.9076355290192257,-1.9076355290192257,-1.9076355290192257,-1.9076355290192257,-1.9076355290192257,-1.9076355290192257,-1.9076355290192257,8.673588784513605,10.368163779975848,-1.9076355290192257,-1.9076355290192257,-1.9076355290192257,-1.9076355290192257,-1.9076355290192257,-1.9076355290192257,-1.9076355290192257,-1.9076355290192257,10.635225472276586,-1.9076355290192257,-1.9076355290192257,9.957585938690995,-1.9076355290192257,-1.9076355290192257,-1.9076355290192257,-1.9076355290192257,-1.9076355290192257,-1.9076355290192257,-1.9076355290192257
56,-1.2570656868538723,-1.2570656868538723,-1.2570656868538723,-1.2570656868538723,-1.2570656868538723,-1.2570656868538723,-1.2570656868538723,-1.2570656868538723,-1.2570656868538723,11.273250242239959,-1.2570656868538723,-1.2570656868538723,-1.2570656868538723,-1.2570656868538723,-1.2570656868538723,-1.2570656868538723,-1.2570656868538723,-1.2570656868538723,-1.2570656868538723,-1.2570656868538723,-1.2570656868538723,-1.2570656868538723,-1.2570656868538723,10.4429066188717,10.82856644558453,-1.2570656868538723,-1.2570656868538723,-1.2570656868538723,-1.2570656868538723,-1.2570656868538723,-1.2570656868538723,10.00759307163027,-1.2570656868538723,-1.2570656868538723,-1.2570656868538723,-1.2570656868538723,-1.2570656868538723,11.50150815638974,-1.2570656868538723,-1.2570656868538723,-1.2570656868538723,-1.2570656868538723,-1.2570656868538723,-1.2570656868538723,-1.2570656868538723,-1.2570656868538723,-1.2570656868538723,-1.2570656868538723
57,-0.544783836999736,-0.544783836999736,-0.544783836999736,-0.544783836999736,-0.544783836999736,-0.544783836999736,-0.544783836999736,-0.544783836999736,-0.544783836999736,-0.544783836999736,-0.544783836999736,-0.544783836999736,-0.544783836999736,-0.544783836999736,-0.544783836999736,-0.544783836999736,-0.544783836999736,-0.544783836999736,-0.544783836999736,-0.544783836999736,-0.544783836999736,-0.544783836999736,12.84087169676807,-0.544783836999736,-0.544783836999736,-0.544783836999736,-0.544783836999736,-0.544783836999736,-0.544783836999736,-0.544783836999736,-0.544783836999736,-0.544783836999736,-0.544783836999736,-0.544783836999736,-0.544783836999736,-0.544783836999736,-0.544783836999736,-0.544783836999736,-0.544783836999736,-0.544783836999736,-0.544783836999736,-0.544783836999736,-0.544783836999736,12.219184805219284,-0.544783836999736,-0.544783836999736,-0.544783836999736,-0.544783836999736
58,,,,,,,,,,,,,,,,,,,,,,,,,,,,,,,,,,,,,,,,,,,,,,,,
